,count_title,descr,title,status
0,8,SUPERVISOR OF NURSES,50960,404
1,8,SENIOR STATIONARY ENGINEER (EL,91639,200
2,8,CLERICAL ASSOCIATE,10251,200
3,7,SECRETARY,10252,404
4,6,REPORTER/STENOGRAPHER,10212,200
5,6,SUPERVISING SPECIAL OFFICER,70817,200
6,6,ATTENDING PHYSICIAN,97022,404
7,6,SENIOR STATIONARY ENGINEER,91638,200
8,6,BUSINESS PROMOTION COORDINATOR,60860,404
9,6,STAFF NURSE,50910,404
10,6,* ATTENDING DENTIST (HMH) FULL,97020,404
11,6,PROGRAM PRODUCER,60621,200
12,6,CITY MEDICAL SPECIALIST (PART-,53040,404
13,6,PHYSICIANS ASSISTANT,52700,404
14,6,SUPERVISOR OF STOCK WORKERS,12202,200
15,6,PROCUREMENT ANALYST,12158,200
16,5,HEAD NURSE,50935,404
17,5,"CITY ASSESSOR (I,II,IIIA,IIIB)",40202,404
18,5,SIGN LANGUAGE INTERPRETER (DOE,31046,404
19,5,SIGN LANGUAGE INTERPRETER (DOE,3104A,404
20,5,CITY RESEARCH SCIENTIST,21744,404
21,5,ASSOCIATE CHEMIST,21822,404
22,5,GRAPHIC ARTIST,91415,200
23,5,EXTERMINATOR,90510,200
24,4,POISON INFORMATION SPECIALIST(,06663,404
25,4,ASSOCIATE FINGERPRINT TECHNICI,71141,200
26,4,ASSOCIATE INSPECTOR (BOILERS),31640,404
27,4,*ATTORNEY AT LAW,30085,404
28,4,ENGINEERING TECHNICIAN,20113,404
29,4,CRIMINALIST,21849,404
30,4,*CERTIFIED DATABASE ADMINISTRA,13694,404
31,4,LIFE GUARD,71205,404
32,4,CITY TAX AUDITOR,40523,404
33,4,CUSTODIAN,80609,404
34,4,INSPECTOR (PLUMBING),31629,200
35,4,DEPUTY ASSISTANT COUNSEL (OLR),06361,404
36,4,ASSOCIATE INSPECTOR (ELECTRICA,31643,200
37,4,AGENCY ATTORNEY,30087,404
38,4,CHIEF LIFEGUARD,71210,404
39,4,CITY MEDICAL SPECIALIST,53039,404
40,4,TELECOMMUNICATIONS ASSOCIATE (,20246,200
41,4,CERTIFIED IT ADMINISTRATOR (LA,13652,200
42,4,INSPECTOR (CONSTRUCTION),31622,200
43,4,COMMUNITY ASSISTANT,56056,404
44,4,CITY PLANNER,22122,200
45,4,PUBLIC HEALTH SANITARIAN,31215,200
46,4,DEPARTMENT LIBRARIAN,60210,404
47,4,COMPUTER SPECIALIST (SOFTWARE,94526,404
48,4,*AGENCY ATTORNEY,3008G,404
49,4,CERT IT DEVELOPER (APP),13643,200
50,4,WORKER'S COMPENSATION BENEFITS,40482,404
51,4,CITY SERVICE AIDE,91405,404
52,4,TELECOMMUNICATIONS ASSOCIATE (,20247,404
53,4,*PERSONNEL DIRECTOR -HEALTH CA,95954,404
54,4,*CERTIFIED APPLICATIONSDEVELOP,13693,404
55,4,SUPERVISOR OF MECHANICAL INSTA,34221,200
56,4,*CERTIFIED LOCAL AREA NETWORKA,13691,404
57,4,STOCK WORKER,12200,200
58,4,SURVEYOR,21015,200
59,4,COMPUTER SPECIALIST (SOFTWARE),13632,200
60,4,STENOGRAPHIC SPECIALIST,10217,404
61,4,*CERTIFIED WIDE AREA NETWORKAD,13692,404
62,4,CERT IT ADMINISTRATOR (DB),13644,200
63,4,BRIDGE OPERATOR,91110,200
64,3,MATE (DEP),91580,404
65,3,*PERSONNEL PROGRAM DEVELOPMENT,95955,404
66,3,TRAFFIC CONTROL INSPECTOR,31715,200
67,3,INSPECTOR (ELEVATORS),31624,200
68,3,COMPUTER ASSOC (TECH SUPP),13611,404
69,3,QUALITY ASSURANCE SPECIALIST (,34176,404
70,3,ASSOCIATE WATER USE INSPECTOR,34620,200
71,3,INSTRUMENTATION SPECIALIST,91001,404
72,3,CONSTRUCTION PROJECT MANAGER,34202,200
73,3,PEER COUNSELOR (HMH),51218,404
74,3,LANDSCAPE ARCHITECT,21315,404
75,3,PHYSICIST,22015,404
76,3,*ASSISTANT ADVOCATE-PD,3008A,404
77,3,PLASTERER,92235,404
78,3,ADM MANAGER-NON-MGRL FRM M1/M2,1002C,404
79,3,ECONOMIST,40910,200
80,3,PUBLIC HEALTH EDUCATOR,51110,404
81,3,ASSISTANT ADVOCATE-PD,30083,404
82,3,CHEMICAL ENGINEER,20515,404
83,3,ENVIRONMENTAL ENGINEER,20618,404
84,3,MEDIA SERVICES TECHNICIAN,90622,200
85,3,ASSOCIATE URBAN DESIGNER,22124,404
86,3,SCIENTIST (RADIATION CONTROL),21516,404
87,3,INVESTIGATOR (EMPLOYEE DISCIPL,06688,404
88,3,SYSTEMS ADMINISTRATOR-CAM FIN,06602,404
89,3,MEDICAL RECORD LIBRARIAN,50811,404
90,3,RADIO AND TELEVISION OPERATOR,90411,404
91,3,INSPECTOR (HOISTS AND RIGGING),31627,404
92,3,PRINCIPAL ADMINISTRATIVE ASSOC,10124,200
93,3,STATISTICIAN,40610,200
94,3,"LEGAL SECRETARIAL ASST- L2,3,4",1022A,404
95,3,CUSTOMER INFORMATION REP,60888,200
96,3,SUBSTANCE ABUSE PREVENTION & I,56073,404
97,3,INVESTIGATOR (EMPLOYEE DISCIPL,31163,404
98,3,INVESTIGATOR (DISCIPLINE) HMH,95599,404
99,3,FORENSIC MORTUARY TECHNICIAN,52040,200
100,3,PROGRAM SPECIALIST  CORRECTION,60948,200
101,3,INVESTIGATOR (EMPLOYEE DISCIPL,31167,404
102,3,COUNSELOR (ADDICTION TREATMENT,51214,404
103,3,AUTOMOTIVE SERVICE WORKER,92508,200
104,3,MARKET AGENT,33972,404
105,3,CONFIDENTIAL INVESTIGATOR,31143,404
106,3,CRIME ANALYST,31175,200
107,3,TAX MAP CARTOGRAPHER,21006,404
108,3,INVESTIGATOR(DISCP)(ONLY FOR P,06316,404
109,3,APPRAISER (REAL ESTATE),40410,404
110,3,ASSOCIATE TRAFFIC ENFORCEMENT,71652,200
111,3,INVESTIGATOR (EMPLOYEE DISCIPL,31173,404
112,3,INVESTIGATOR (DISCIPLINE) (DOC,31164,404
113,3,TESTS AND MEASUREMENT SPECIAL,12704,404
114,3,SUPERVISOR (WATERSHED MAINTENA,91314,404
115,3,INVESTMENT ANALYST,40925,404
116,3,COMPUTER ASSOC (SOFTWARE),13631,200
117,3,ASSOCIATE PROJECT MANAGER,22427,200
118,3,PRINCIPAL POLICE COMMUNICATION,71014,404
119,3,GEOLOGIST,21915,404
120,3,ASSOCIATE FIRE PROTECTION INSP,31662,200
121,3,SUPERVISOR (PEST CONTROL),90505,404
122,3,REAL PROPERTY MANAGER,80112,404
123,3,MEDICOLEGAL INVESTIGATOR (OCME,53299,404
124,3,DIETITIAN,50310,200
125,3,ASSOCIATE JOB OPPORTUNITY SPEC,52316,404
126,3,X-RAY TECHNICIAN,51310,404
127,3,ELIGIBILITY SPECIALIST,10104,404
128,3,Associate Air Pollution Inspr,31316,404
129,3,ELECTRICIAN,91717,200
130,3,ASSOCIATE RETIREMENT BENEFITS,40493,200
131,3,CLAIM SPECIALIST,30726,404
132,3,INVESTIGATOR (EMPLOYEE DISCIPL,31169,404
133,3,MULTIPLE DWELLING SPECIALIST (,22401,404
134,3,INSPECTOR (MULTI-DISCIPLINE),31656,404
135,3,PUBLIC HEALTH NURSE (SCHOOL HE,51022,200
136,3,INSPECTOR (BOILERS),31620,404
137,3,CEMENT MASON,92210,404
138,3,SUPERVISOR OF MECHANICS(MECHAN,92575,200
139,3,MECHANICAL ENGINEER,20415,200
140,3,PSYCHOLOGIST,52110,200
141,3,ASSOCIATE PUBLIC HEALTH SANITA,31220,200
142,3,SCIENTIST (WATER ECOLOGY),21538,200
143,3,INTELLIGENCE RESEARCH SPECIALI,31170,404
144,3,INVESTIGATOR (CCRB),31165,404
145,3,PURCHASING AGENT,12121,404
146,3,INVESTIGATOR (EMPLOYEE COMPLIA,31171,404
147,3,INVESTIGATOR (EMPLOYEE DISCIPL,31172,404
148,3,BOOKKEEPER,40526,404
149,3,INSTITUTIONAL AIDE,81803,404
150,3,PUBLIC HEALTH NURSE,51011,200
151,3,MAINTENANCE WORKER,90698,200
152,3,*ASSOCIATE DIRECTOR HEALTH PRO,95946,404
153,3,TRANSPORTATION SPECIALIST,22316,404
154,3,ASSOCIATE SANITATION ENFORCEME,71682,200
155,3,SUPERVISOR PAINTER,91873,404
156,3,SCHOOL COMPUTER TECHNOLOGY SPE,13613,404
157,3,COMPUTER ASSOC (OPERATIONS),13621,200
158,3,ELECTRICAL ENGINEER,20315,200
159,3,ARCHITECT,21215,200
160,3,NEW YORK CITY FELLOW (DCAS),10247,404
161,3,NUTRITIONIST,50410,404
162,3,CIVIL ENGINEER,20215,200
163,3,SUPERVISOR OF HOUSING STOCK WO,12204,404
164,3,INVESTIGATOR (EMPLOYEE DISCIPL,31168,404
165,3,NURSE PRACTITIONER(DEPT HEALTH,06611,404
166,3,CONFIDENTIAL INVESTIGATOR (CON,06547,404
167,3,ENVIRONMENTAL POLICE OFFICER,70811,404
168,3,ASSOCIATE LABORATORY MICROBIOL,21514,200
169,2,ASSOC INSPECTOR (HOUSING CONST,31695,404
170,2,SUPERVISING DEPUTY SHERIFF,30315,404
171,2,CHIEF OFFICE ASSISTANT,10118,404
172,2,CONGREG CARE SPEC-DJJ (40 HR),52450,404
173,2,PROGRAM EVALUATOR (ACS),52416,200
174,2,CITY SEASONAL AIDE,91406,404
175,2,INSPECTOR (CONSUMER AND WORKER,33997,404
176,2,LICENSED PRACTICAL NURSE,50902,404
177,2,PUBLIC HEALTH EPIDEMIOLOGIST,51181,404
178,2,SCHOOL LUNCH ASSISTANT,54505,404
179,2,ASSOCIATE INSPECTOR (HIGHWAYS,31645,200
180,2,ASSISTANT CHIEF DETECTIVE INVE,30828,404
181,2,BOROUGH PRESIDENT,12994,404
182,2,SUPERVISOR OF OFFICE MACHINE O,11704,404
183,2,NURSE'S AIDE (HANDICAPPED CHIL,50905,404
184,2,RADIO AND TELEVISION OPERATOR,9041A,404
185,2,HOUSING DEVELOPMENT SPECIALIST,22507,200
186,2,CHILD WELFARE SPECIALIST,52369,200
187,2,PUBLIC HEALTH ADVISER,51191,200
188,2,QUALITY ASSURANCE SPECIALIST,34171,404
189,2,SR HEALTHCARE PROG PLAN ANLYST,83052,404
190,2,SUPERVISOR OF NURSES (BOARD OF,06165,404
191,2,PAINTER,91830,404
192,2,SECRETARY OF COMM(7 AGENCIES),12862,404
193,2,MARINE ENGINEER (WITH LICENSE),70316,404
194,2,STAFF ANALYST,12626,404
195,2,CHIEF RACKETS INVESTIGATOR,30836,404
196,2,CUSTODIAN ENGINEER (BOE),91633,404
197,2,JUNIOR SCHOOL-NEIGHBORHOOD WOR,56060,404
198,2,SERVICE INSPECTOR (PROJECT SCO,09708,404
199,2,ADMIN ASST-CAMPAIGN FIN BOARD,06603,404
200,2,ASSOCIATE SUPERVISOR OF SCHOOL,60821,404
201,2,INSTITUTI0NAL TEACHER (JUVENIL,60371,404
202,2,SENIOR SECRETARY,10220,404
203,2,EMERGENCY MEDICAL SERVICE SPEC,96321,404
204,2,COMPUTER SERVICE TECHNICIAN (C,13615,200
205,2,PROBATION ASSISTANT,51800,200
206,2,ASSOCIATE PARKING CONTROL SPEC,41122,404
207,2,COMMUNITY ASSOCIATE,56057,404
208,2,OCCUPATIONAL THERAPIST (DOE),51221,200
209,2,LANDMARKS PRESERVATIONIST,92237,404
210,2,ASSOCIATE PUBLIC RECORDS OFFIC,60217,404
211,2,COMPUTER SPECIALIST (OPERATION,13622,200
212,2,DIETARY AIDE,81801,404
213,2,CHAPLAIN,54610,404
214,2,COLLEGE AIDE - ASSIGNMENT LEVE,1020B,404
215,2,SENIOR OCCUPATIONAL THERAPIST,06217,404
216,2,SUPERVISOR OF MECHANICS,90774,200
217,2,CONTRACT REVIEWER (OFFICE OF L,40563,404
218,2,CHILD WELFARE SPECIALIST SUPER,52370,200
219,2,SHEET METAL WORKER,92340,200
220,2,MARINE ENGINEER (DIESEL),91534,404
221,2,PLUMBER,91915,404
222,2,PUBLIC HEALTH ADVISER (SCHOOL,51195,200
223,2,SENIOR SCHOOL LUNCH AIDE (COOK,54512,404
224,2,CITY MEDICAL EXAMINER (OCME),53859,404
225,2,PARK SUPERVISOR,81111,404
226,2,ROOFER,90735,200
227,2,PARKING CONTROL SPECIALIST TRA,41117,404
228,2,FITNESS INSTRUCTOR,51225,404
229,2,PHYSICAL THERAPIST (DOE),51222,200
230,2,*COORDINATING MANAGER (HMH),95948,404
231,2,ANALYST CFB AL 2&3 ONLY,0660A,404
232,2,EVIDENCE AND PROPERTY CONTROL,71022,200
233,2,ASSOCIATE INSPECTOR (CONSUMER,33998,404
234,2,CONFIDENTIAL SECRETARY,10204,404
235,2,CONGREG CARE SPEC-ACS(35 HR WK,5245A,404
236,2,ASSOCIATE FRAUD INVESTIGATOR (,31118,200
237,2,LABORATORY ASSOCIATE,21512,404
238,2,ASSOCIATE INSPECTOR (PLUMBING),31649,404
239,2,NYCAPS PROCESS ANALYST,06752,404
240,2,CORRECTIONAL STANDARDS REVIEW,52615,404
241,2,AREA SUPERVISOR (HIGHWAY MAINT,91352,404
242,2,ACCOUNTANT,40510,404
243,2,SUPERVISOR PLASTERER,92272,200
244,2,ASSOCIATE TAXI & LIMOUSINE INS,35143,404
245,2,SUPERVISOR OF RADIO AND TELEVI,90436,404
246,2,ELECTRICIANS HELPER,91722,200
247,2,CASE MANAGEMENT NURSE (DOC),06240,404
248,2,SENIOR SCHOOL LUNCH HELPER,54502,404
249,2,WATER TREATMENT PLANT OPERATOR,9101A,404
250,2,ATTORNEY-CAMPAIGN FIN BOARD,06604,404
251,2,ASSISTANT CORPORATION COUNSEL,30112,404
252,2,DENTAL HYGIENIST,50102,404
253,2,HOUSING STOCK WORKER,12203,404
254,2,CHAUFFEUR-ATTENDANT,91217,404
255,2,CITY DENTIST,50211,404
256,2,FISCAL AND POLICY ANALYST (BP,05162,404
257,2,SUP TRAFFIC DEVICE MAINT L2&L3,9090A,404
258,2,SUPERVISING THERAPIST,51241,404
259,2,EDUCATION ANALYST,12628,200
260,2,LABORATORY MICROBIOLOGIST,21513,200
261,2,NURSES AIDE,50901,404
262,2,ASSOCIATE INVESTIGATOR (NOT PR,31121,200
263,2,CHAUFFEUR-ATTENDANT (BORO PRES,05234,404
264,2,TRAFFIC ENFORCEMENT AGENT L1&2,71651,200
265,2,DIRECTOR OF TELEVISION,60666,404
266,2,OPERATIONS COMMUNICATION SPECI,20271,404
267,2,MEDICOLEGAL ANALYST (LAW DEPT),06591,404
268,2,COMPUTER PROGRAMMER ANALYST,13651,200
269,2,EMERGENCY PREPAREDNESS SPECIAL,06766,404
270,2,WATER USE INSPECTOR,34615,404
271,2,EQUAL RIGHTS COMPLIANCE SPECIA,55050,404
272,2,INSPECTOR (ELECTRICAL FOR PAYR,31623,200
273,2,PROTECTION AGENT (ACS),06771,404
274,2,*PRINCIPAL PARK SUPERVISOR,81112,404
275,2,MARINE OILER,91546,404
276,2,QUALITY ASSURANCE SPECIALIST,34183,404
277,2,CASE MANAGEMENT NURSE (POLICE,50958,404
278,2,PROBATION OFFICER TRAINEE,51801,200
279,2,PROBATION OFFICER,51810,200
280,2,PUBLIC HEALTH PREVENTATIVE MED,95598,404
281,2,EDUCATION OFFICER,12633,404
282,2,CONSULTANT (EARLY CHILDHOOD ED,51611,200
283,2,FORESTER,81361,200
284,2,*WATCHPERSON,81010,404
285,2,ASSOCIATE JUVENILE COUNSELOR,52300,404
286,2,SUPERVISOR,91310,404
287,2,ASSOCIATE CORRECTIONAL COUNSEL,51274,404
288,2,CITY PARKING EQUIPMENT SERVICE,90642,404
289,2,STATISTICAL SECRETARY (OMB),05363,404
290,2,SUPERVISING COMPUTER SERVICE T,13616,200
291,2,ASSOCIATE INSPECTOR (ELEVATORS,31644,404
292,2,SPECIAL OFFICER,70810,200
293,2,CHILD PROTECTIVE SPECIALIST (C,52366,200
294,2,CITY DENTIST (PART-TIME),50212,404
295,2,APPRENTICE INSPECTOR (ELECTRIC,35004,404
296,2,CONTRACT SPECIALIST,40561,200
297,2,SUPERVISING PROBATION OFFICER,51860,200
298,2,SUPERVISING EMERGENCY MEDICAL,53055,404
299,2,COMPUTER AIDE,13620,404
300,2,STAFF ANALYST (DOE - OJ),1262E,404
301,2,ASSOCIATE CALL CENTER REPRESEN,10271,404
302,2,ASSISTANT CITY ASSESSOR,40201,200
303,2,JUVENILE COUNSELOR,52295,404
304,2,EDUCATION OFFICER (UNION),1263A,404
305,2,ASSOCIATE INSPECTOR (HOUSING),31675,200
306,2,PUBLIC RELATIONS ADVISER,60836,404
307,2,MARINE MAINTENANCE MECHANIC,92587,200
308,2,ASSOCIATE HUMAN RIGHTS SPECIAL,55038,404
309,2,SUPERVISING FIRE MARSHAL (UNIF,70393,404
310,2,MENTAL HEALTH WORKER,51262,404
311,2,COMMUNITY COORDINATOR,56058,404
312,2,OFFICE ASSISTANT,10115,404
313,2,SENIOR SCHOOL LUNCH AIDE,54504,404
314,2,SCHOOL-NEIGHBORHOOD WORKER,56061,404
315,2,ASSOCIATE YOUTH DEVELOPMENT SP,52288,200
316,2,*SR CONSULTANT MANAGEMENT INFO,95957,404
317,2,STATIONARY ENGINEER,91644,200
318,2,QUALITY ASSURANCE SPECIALIST (,34172,404
319,2,ELEVATOR MECHANIC,90710,200
320,2,LABOR RELATIONS ANALYST,13368,200
321,2,SPACE ANALYST,80184,200
322,2,PHOTOGRAPHER AND PHOTOSTAT OPE,90615,404
323,2,SCHOOL LUNCH AIDE,54503,404
324,2,PARALEGAL AIDE,30080,404
325,2,SUPERVISOR PLUMBER,91972,404
326,2,DETECTIVE INVESTIGATOR,30826,404
327,2,SECRETARY,10216,404
328,2,ASSOCIATE PUBLIC INFORMATION,60816,404
329,2,SPECIAL CONSULTANT (MENTAL HEA,51001,200
330,2,ASSOCIATE OPERATIONS COMMUNICA,20272,404
331,2,PUBLIC HEALTH EMERGENCY PREPAR,51197,404
332,2,OFFICE MACHINE AIDE,11702,404
333,2,RESEARCH AND LIAISON SPECIALIS,05230,404
334,2,SUPERVISOR OF ELECTRICAL INSTA,34205,200
335,2,SPECIAL ASST DISTRICT ATTORNEY,96001,404
336,2,SUPERVISOR CARPENTER,92071,200
337,2,HOUSING DEVELOPMENT SPECIALIST,22506,404
338,2,LABORATORY HELPER,82107,404
339,2,GARDENER,81310,200
340,2,MANAGEMENT AUDITOR,40502,200
341,2,PUBLIC HEALTH/PREVENTIVE MEDIC,06801,404
342,2,TELEPHONE SERVICE TECHNICIAN,92590,404
343,2,CYBER SECURITY ANALYST,13633,404
344,2,TRAFFIC ENFORCEMENT AGENT L3&4,7165A,404
345,2,ADMINISTRATIVE JOB OPPORTUNITY,10248,404
346,2,ASSOCIATE INSPECTOR (HOISTS /,31647,404
347,2,CASE - MANAGEMENT NURSE (FIRE,50959,404
348,2,SCHOOL LUNCH ASSISTANT COOK,54513,404
349,2,SANITATION ENFORCEMENT AGENT,71681,200
350,2,BUDGET ANALYST (OMB),06088,404
351,2,SUPERVISOR ELECTRICIAN,91769,200
352,2,HOUSING EXTERMINATOR-AL II & I,9051A,404
353,2,SENIOR SCHOOL-NEIGHBORHOOD WOR,56062,404
354,2,MOTOR VEHICLE SUPERVISOR,91232,200
355,2,PROGRAM OFFICER (DEPT FOR THE,51454,404
356,2,HOMEMAKER,52405,404
357,2,CHILD PROTECTIVE SPECIALIST SU,52367,404
358,2,CITY VETERINARIAN,50711,404
359,2,INDUSTRIAL HYGIENIST,31305,404
360,2,SUPERVISOR OF MOTOR TRANSPORT,91279,404
361,2,ADMINISTRATIVE CHIEF,10135,404
362,2,CASHIER,10605,404
363,2,SUPERVISING FIRE ALARM DISPATC,71060,404
364,2,AIR POLLUTION INSPECTOR,31315,200
365,2,ASSISTANT HEAD NURSE,50937,404
366,2,SUPERVISING THERAPIST (COMP DO,5124A,404
367,2,CITY CLINICIAN,53035,404
368,2,QUALITY ASSURANCE SPECIALIST (,34173,404
369,2,QUALITY ASSURANCE SPECIALIST (,34177,404
370,2,SCHOOL BUSINESS MANAGER,06745,404
371,2,FRAUD INVESTIGATOR,31113,200
372,2,ASSOCIATE REAL PROPERTY MANAGE,80122,200
373,2,DEPUTY CITY SHERIFF,30312,404
374,1,DIRECTOR OF NYC MEDICAL RESERV,95650,404
375,1,*SURGEON DETAILED AS DEPUTY CH,7027A,404
376,1,DIRECTOR-OFFICE OF POLICY (CIT,94434,404
377,1,DIRECTOR OF BUREAU OF CONSUMER,60880,404
378,1,FIRE PROTECTION INSPECTOR,31661,200
379,1,LAUNCH OPERATOR/WATER POLLUTIO,91573,404
380,1,ASSISTANT COMMISSIONER FOR LAB,95508,404
381,1,SUPERVISOR II SOCIAL WORK,52632,404
382,1,ASSOC COMMISSIONER FOR PLANNIN,95697,404
383,1,ASSISTANT COMPTROLLER OF IT,41098,404
384,1,ADMINISTRATIVE PUBLIC INFORMAT,10033,404
385,1,DEPUTY COMMISSIONER (PARKS & R,95861,404
386,1,DEPUTY COMMISSIONER,95231,404
387,1,CITY SECURITY AIDE,90650,404
388,1,COUNSEL (FIRE DEPARTMENT),30161,404
389,1,DEPUTY DIRECTOR (POLICE PENSIO,95008,404
390,1,SUPERVISING BOOKBINDER,92170,404
391,1,ASSISTANT BUDGET ANALYST (COMP,06710,404
392,1,FIRE CADET,70307,404
393,1,DEP COMMISSIONER FOR COMMUNITY,06490,404
394,1,ASSISTANT TO POLICE COMMISSION,13217,404
395,1,ADMINISTRATIVE MANAGER,10025,200
396,1,EXECUTIVE DEPUTY ADMINISTRATOR,95576,404
397,1,RESEARCH & LIAISON COORDINATOR,09909,404
398,1,REHABILITATION SPECIALIST (HPD,31680,404
399,1,EXECUTIVE DIRECTOR (BOE RETIRE,10179,404
400,1,MEMBER OF THE HOUSING AUTHORIT,12990,404
401,1,*SR MANAGEMENT CONSULTANT HMH,12652,404
402,1,DIRECTOR OF COUNTERMEASURES AN,95660,404
403,1,SUPERVISING DOCKMASTER,81660,404
404,1,EXECUTIVE PROGRAM SPECIALIST (,13396,404
405,1,EXECUTIVE ASSISTANT TO THE COM,13204,404
406,1,PUPPETEER,60414,404
407,1,ASSISTANT RESIDENT BUILDING SU,80305,200
408,1,LEGISLATIVE SUPERVISOR SECRETA,94422,404
409,1,DEPUTY GENERAL COUNSEL (OMB),30106,404
410,1,LABOR RELATIONS ANALYST TRAINE,12752,200
411,1,COMMUNITY ASSOCIATE DOE,5605E,404
412,1,CHAIRMAN,12992,404
413,1,SERGEANT D/A SPECIAL ASSIGNMEN,7023A,404
414,1,WELDER,92355,404
415,1,DIRECTOR OF ORGANIZED CRIME CO,95034,404
416,1,COMMISSIONER (NOT FULL-TIME),1299A,404
417,1,CHIEF CLERK (BOARD OF ELECTION,94203,404
418,1,DIRECTOR MANAGEMENT INFORMATIO,13602,404
419,1,SECRETARY TO EXECUTIVE DIRECTO,12964,404
420,1,ASST COMMISSIONER FOR PLANNING,95654,404
421,1,STRATEGIC INITIATIVE SPECIALIS,50938,404
422,1,SPECIAL ASSISTANT IN MENTAL RE,95484,404
423,1,GENERAL COUNSEL (DCAS),95627,404
424,1,SUPERVISING DEMOLITION INSPECT,32455,404
425,1,ASSIST COMMISSIONER FOR POLICY,95671,404
426,1,SENIOR BAKER (CORRECTIONS),90234,404
427,1,SUPERVISOR (WATER & SEWER SYST,91308,200
428,1,COMMUNITY SERVICE AIDE (SCSP),09749,404
429,1,Executive Assistant to the Ope,13273,404
430,1,DIRECTOR OF FISCAL OPERATIONS,95681,404
431,1,EXECUTIVE ASSISTANT,13231,404
432,1,SUPERVISING POLICE COMMUNICATI,71013,404
433,1,LEGISLATIVE INFORMATION OFFICE,60809,404
434,1,SUPERVISOR THERMOSTAT REPAIR,91964,404
435,1,DEPUTY COMMISSIONER (OEM),06764,404
436,1,FERRY TERMINAL SUPERVISOR,81560,200
437,1,SENIOR SERVICE INSPECTOR (PROJ,09709,404
438,1,SCHOOL PLANT MANAGER (BOE),82901,404
439,1,DEPUTY COMMISSIONER (DDC),06706,404
440,1,EXECUTIVE PROGRAM SPECIALIST (,13385,404
441,1,PORT MARINE ENGINEER (DOT),91575,404
442,1,SUPERVISING LEGISLATIVE STENOG,10222,404
443,1,SENIOR COOK,90235,404
444,1,COUNSEL (NYCDC),94473,404
445,1,BUDGET ANALYST (IBO) ((MANAGER,0671A,404
446,1,EXECUTIVE DIRECTOR (BOARD OF C,61132,404
447,1,LEGISLATIVE REPRESENTATIVE,30174,404
448,1,CONFIDENTIAL ASST OFFICE,10100,404
449,1,DIRECTOR OF HISTORIC PARKS,95837,404
450,1,ASSISTANT ADMINISTRATOR (OFFIC,12808,404
451,1,ADM PROC ANAL-NM FRM M1-3,8297A,404
452,1,DIRECTOR OF PUBLIC HEALTH EMER,95674,404
453,1,ASSISTANCE FINANCE OFFICER(BOA,94215,404
454,1,ADMINISTRATIVE TESTS & MEASURE,10064,404
455,1,CONFIDENTIAL ASSISTANT TO THE,95236,404
456,1,ASSOCIATE EDUCATION ANALYST (U,1262D,404
457,1,SPECIAL EXAMINER (DCAS),06668,404
458,1,ASSISTANT COMMISSIONER (DCAS),95613,404
459,1,DIRECTOR OF AUDITS (OFFICE OF,06311,404
460,1,DIRECTOR-OFFICE OF COMMUNICATI,94437,404
461,1,INSPECTOR (LOW PRESSURE BOILER,31671,404
462,1,SUPERVISING RACKETS INVESTIGAT,05323,404
463,1,DEPUTY DIRECTOR OF SECURITY,70821,404
464,1,SECRETARY TO ASSISTANT TO PRES,05107,404
465,1,"DIRECTOR, UNITED NATIONS & CON",51498,404
466,1,"DIRECTOR, MAYOR'S RECEPTION CO",60813,404
467,1,DIRECTOR OF COMMUNITY PLANNING,51495,404
468,1,SR PROJECT PLANNER (MA),05482,404
469,1,CONFIDENTIAL INSPECTOR,35265,404
470,1,STRATEGIC INITIATIVE SPECIALIS,50940,404
471,1,DIRECTOR OF BIODETECTION RESPO,95648,404
472,1,DEPUTY DIRECTOR OF PROBATION (,51876,404
473,1,DEPUTY COMMISSIONER (DOT),95014,404
474,1,SENIOR ADMINISRATOR (BOARD OF,94201,404
475,1,COMMUNITY PLANNING BOARD COORD,22117,404
476,1,DIRECTOR OF CRIMINAL JUSTICE (,06816,404
477,1,HEALTH CARE PROGRAM PLANNER/AN,83051,404
478,1,ASSISTANT DIRECTOR OF EDUCATIO,60375,404
479,1,CAPTAIN-CHIEF OF STAFF,7026Z,404
480,1,CONSULTANT (PUBLIC HEALTH-SOCI,51613,404
481,1,SPECIAL ADVISOR TO THE CITY CL,12806,404
482,1,ASSISTANT COMMISSIONER FOR SEC,95059,404
483,1,EXEC DIRECTOR OF GRANTS MANAGE,95646,404
484,1,SECRETARY TO DIRECTOR COUNCIL,94419,404
485,1,EXECUTIVE PROGRAM SPECIALIST (,06804,404
486,1,SPECIAL ASSISTANT TO DA (QUEEN,05329,404
487,1,"MANAGER, WATER SUPPLY (JAMAICA",95228,404
488,1,COMPOSITOR (JOB),92110,404
489,1,RECREATION SPECIALIST (DEPT OF,06070,404
490,1,DIRECTOR OF COMMUNITY PARTICIP,95811,404
491,1,SENIOR STUDENT LEGAL SPECIALIS,06517,404
492,1,EXECUTIVE ASSISTANT (DEPT M H,95489,404
493,1,VOTING MACHINE TECHNICIAN (BOA,94210,404
494,1,PEDIATRIC NURSE ASSOCIATE,95440,404
495,1,ASSISTANT INSTITUTIONAL TEACHE,60370,404
496,1,ADMINISTRATIVE PROJECT MANAGER,83008,404
497,1,EXECUTIVE ASSISTANT TO THE COM,09963,404
498,1,ASSOCIATE DIRECTOR (OMB),40142,404
499,1,SCHOOL FOOD SERVICE MANAGER,54483,200
500,1,ASSOCIATE COUNSEL (OLR),30098,404
501,1,ASSISTANT COMMISSIONER (BUILDI,95507,404
502,1,ASSISTANT TO COMMISSIONER (DEP,95002,404
503,1,CHIEF CLERK,10138,404
504,1,SECRETARY TO THE DEPUTY COMMIS,06697,404
505,1,COUNSEL (OLR),30100,404
506,1,CITY REGISTER,95315,404
507,1,YOUTH DEVELOPMENT SPECIALIST,52287,200
508,1,DEPUTY EXECUTIVE DIRECTOR (CIV,10214,404
509,1,COOPERATIVE EDUCATIONAL TRAINE,10116,404
510,1,MANAGER OF RADIO REPAIR OPERAT,82987,404
511,1,EXECUTIVE SECRETARY (HMH),95953,404
512,1,DIRECTOR OF MUNICIPAL TELECOMM,95619,404
513,1,EXECUTIVE ASSISTANT-MIDTOWN EN,06004,404
514,1,SECRETARY TO DEPUTY COMMISSION,95350,404
515,1,STUDENT LEGAL ASSISTANT,30105,404
516,1,LEGISLATIVE SYSTEMS MANAGER (C,94383,404
517,1,COMMISSIONER OF EMPLOYMENT,94404,404
518,1,PUBLIC RELATIONS CONSULTANT (O,60887,404
519,1,ASSISTANT REAL ESTATE REPAIRER,82110,404
520,1,CHILDREN'S COUNSELOR (PER DIEM,51510,404
521,1,SUPERINTENDENT (CHILDRENS INST,51580,404
522,1,CONFIDENTIAL STRATEGY PLANNER,54739,404
523,1,FOOD SERVICE MANAGER,05058,404
524,1,ADMINISTRATIVE LA GUARDIA MANA,82979,404
525,1,GENERAL COUNSEL (HOMELESS SVCS,95659,404
526,1,WARDEN-DEPUTY WARDEN IN COMM T,7048D,404
527,1,SUMMER CREW CHIEF,56098,404
528,1,RISK MANAGEMENT OFFICER (BUILD,50106,404
529,1,RECREATION DIRECTOR,60430,404
530,1,GENERAL COUNSEL (DGS),95753,404
531,1,SENIOR AUTOMOTIVE SPECIALIST,20131,404
532,1,DIRECTOR OF PUBLIC INFORMATION,95606,404
533,1,PRECINCT RECEPTIONIST (PER HOU,10140,404
534,1,*ASSISTANT MAINTENANCE SUPERVI,80682,404
535,1,PLAYGROUND ASSISTANT,60405,404
536,1,ADMINISTRATIVE PROJECT DIRECTO,95566,404
537,1,DIRECTOR OF PERSONNEL (HA),13079,404
538,1,STRATEGIC INITIATIVE SPECIALIS,13402,404
539,1,COMPUTER OPERATIONS MANAGER,1007E,404
540,1,EXECUTIVE DIRECTOR (OPA),95026,404
541,1,DIRECTOR OF MEDICAL ASSISTANCE,52493,404
542,1,ASSISTANT TO THE COMMISSIONER,13200,404
543,1,TYPIST (BOARD OF ELECTIONS),94213,404
544,1,SPECIAL ASSISTANT TO THE BOROU,09288,404
545,1,AUDITOR GENERAL (DOE),40872,404
546,1,INVESTIGATIVE MANAGER (CCRB),82975,404
547,1,DIRECTOR OF PUPPETRY,60416,404
548,1,EXECUTIVE DIRECTOR (FISA),94468,404
549,1,DEPUTY ASSISTANT COMMISSIONER,95615,404
550,1,CHIEF INFORMATION TECHNOLOGY O,13606,404
551,1,LAW SECRETARY,12830,404
552,1,SENIOR GENERAL DEPUTY MANAGER,95009,404
553,1,COMMISSIONER OF TRANSPORTATION,94361,404
554,1,MARINE ELECTRONICS TECHNICIAN,91576,404
555,1,ASSISTANT COMMISSIONER (PVB-DE,95932,404
556,1,SECRETARY (OFFICE OF THE MAYOR,05384,404
557,1,ASST COMMISSIONER (REAL PROPER,95328,404
558,1,ASSISTANT CORPORATION COUNSEL,3011B,404
559,1,DEPUTY COMMISSIONER (GENERAL S,95806,404
560,1,ASSISTANT COMMISSIONER(ADMINIS,05487,404
561,1,CHIEF CARETAKER (HA),81715,404
562,1,DIRECTOR OF LEASED HOUSING (HA,80299,404
563,1,COMMISSIONER OF YOUTH SERVICES,94457,404
564,1,ASST COMMISSIONER (ENV HS)-HMH,95439,404
565,1,INSPECTOR (HOUSING),31670,200
566,1,DIRECTOR OF COMMUNICATIONS,70266,404
567,1,CHIEF INVESTIGATOR (RICHMOND C,30824,404
568,1,RESEARCH ASSISTANT,60910,404
569,1,CONSUMER ADVOCATE,30164,404
570,1,SPECIAL INVESTIGATOR,31130,404
571,1,DEPUTY CHANCELLOR FINANCIAL AF,40547,404
572,1,HEALTH OFFICER IN TRAINING,52701,404
573,1,SECRETARY OF THE BOARD OF EDUC,12856,404
574,1,ADMINISTRATIVE HORTICULTURIST,10071,404
575,1,PROJECT PLANNER (CRIMINAL JUST,51794,404
576,1,BRIDGE PAINTER,91805,404
577,1,EXECUTIVE DIRECTOR,10173,404
578,1,DIRECTOR OF COMMUNITY PLANNING,5149A,404
579,1,SECRETARY TO THE HUMAN RESOURC,95690,404
580,1,LEGISLATIVE COUNSEL (CITY COUN,94451,404
581,1,*ASSISTANT SYSTEMS ANALYST (FI,12646,404
582,1,TRAFFIC DEVICE MAINTAINER,90910,200
583,1,CUSTODIAL SUPERVISOR,80510,404
584,1,DIRECTOR (DIVISION OF DESIGN A,91400,404
585,1,ASSISTANT EXECUTIVE DIRECTOR (,10174,404
586,1,SENIOR SCHOOL LNCH AIDE,5450D,404
587,1,SPECIAL INVESTIGATOR (COMPUTER,31128,404
588,1,ADMINISTRATIVE ARCHITECT,10004,200
589,1,EXECUTIVE DIRECTOR ON COMMISSI,06818,404
590,1,SPECIAL ADVISOR TO THE DIRECTO,94456,404
591,1,ASSISTANT COMMISSIONER (PROGRA,12927,404
592,1,COUNSEL (DEPT OF MENTAL HEALTH,95487,404
593,1,DEPUTY COMMISSIONER FOR CITY P,95635,404
594,1,DEPUTY COMMISSIONER OF IT,95614,404
595,1,PRINCIPAL ACCOUNTANT INVESTIGA,05338,404
596,1,DEPUTY DIRECTOR OF MOTOR EQUIP,95251,404
597,1,EXECUTIVE COOK (MAYOR),09989,404
598,1,CAPTAIN: CHIEF OF TRANSPORTATI,7026U,404
599,1,COOK,90210,404
600,1,EDUCATION ANALYST TRAINEE,12750,404
601,1,INSPECTOR (HOUSING CONSTRUCTIO,31690,404
602,1,EQUAL EMPLOYMENT OPPORTUNITY O,60224,404
603,1,ASSISTANT COMMISSIONER (NEIGHB,95558,404
604,1,ASSISTANT COMMISSIONER OF LABO,13365,404
605,1,FIELD SUPERVISOR (SUMMER YOUTH,56099,404
606,1,JUNIOR ASSISTANT DA,30201,404
607,1,ADMINISTRATIVE PUBLIC HEALTH S,8298D,404
608,1,EXECUTIVE DIRECTOR OF PUBLIC I,94489,404
609,1,ASSISTANT TO THE PRESIDENT (BR,05106,404
610,1,BOOKBINDER,92105,404
611,1,OIL BURNER SPECIALIST,91237,404
612,1,EXECUTIVE DIRECTOR OF MATERIAL,06782,404
613,1,CAPTAIN DETAILED AS CHIEF OF P,7026K,404
614,1,*SENIOR SYSTEMS ANALYST,12648,404
615,1,DEPUTY GENERAL COUNSEL (HOMELE,95657,404
616,1,LEGISLATIVE FINANCIAL STENOGRA,10219,404
617,1,EMERGENCY MEDICAL SPECIALIST T,53052,404
618,1,PHYSICIAN,53010,404
619,1,LEGISLATIVE LIAISON-ALBANY (CI,94385,404
620,1,SECRETARY TO THE DEPARTMENT (F,12859,404
621,1,SPECIAL ASSISTANT TO MEMBER OF,13289,404
622,1,COMMUNICATION ASSISTANT (CITY,94440,404
623,1,EXECUTIVE ASST TO THE NYC COMM,13272,404
624,1,ASSISTANT ACCOUNTANT,40505,404
625,1,CAPTAIN DETAILED AS ASSISTANT,7026G,404
626,1,DEPUTY ASSISTANT COMMISSIONER,95699,404
627,1,SERVICE AIDE,98701,404
628,1,INTELLIGENCE RESEARCH SPECIALI,3117C,404
629,1,ADMINISTRATIVE DEPUTY REGISTER,82988,404
630,1,DEPUTY COMMISSIONER (FINANCE),95300,404
631,1,DIRECTOR OF THE MAYORâ€™S OFFICE,94588,404
632,1,EMERGENCY MEDICAL SPECIALIST-E,53053,200
633,1,CALENDAR ASSISTANT,13252,404
634,1,EXECUTIVE DIRECTOR (NYC DISTRI,94470,404
635,1,ASSISTANT TO THE PRESIDENT (BK,09959,404
636,1,SECRETARY TO THE DEPUTY BORO P,12885,404
637,1,DIRECTOR BOROUGH IMPROVEMENT B,22119,404
638,1,EXECUTIVE DEPUTY COMMISSIONER,95594,404
639,1,PROGRAM RESEARCH ANALYST TO TH,94510,404
640,1,CONSULTANT PUBLIC HEALTH NURSE,51017,404
641,1,ADMINISTRATIVE STAFF ANALYST (,1002A,404
642,1,DEPUTY DIRECTOR (FERRIES),95981,404
643,1,*DIR OF FISCAL AFFAIRS (HMH),95949,404
644,1,BLACKSMITH'S HELPER,92306,404
645,1,ASSOCIATE REHABILITATION SPECI,31685,404
646,1,EXECUTIVE PROGRAM SPECIALIST (,13377,404
647,1,STENOGRAPHER TO COUNCIL (CITY,10241,404
648,1,DEPUTY COMMISSIONER,12935,404
649,1,STRATEGIC INITIATIVE SPECIALIS,13400,404
650,1,GENERAL COUNSEL (OMB),30107,404
651,1,CAPTAIN DETAILED AS CHIEF OF L,7026M,404
652,1,ASSISTANT TO THE CHAIRMAN,13206,404
653,1,JR PHNURSE (SCH HLTH)>20 HR PT,5100B,404
654,1,ASBESTOS HAZARD INVESTIGATOR,31312,404
655,1,RESEARCH LIAISON ADN GOVERNMEN,05145,404
656,1,ASSISTANT COMMISSIONER FOR MAN,95798,404
657,1,DEPUTY CITY CLERK,12930,404
658,1,EXECUTIVE ASSISTANT TO THE COM,95700,404
659,1,ASSISTANT COMMISSIONER (ETHNIC,55083,404
660,1,EXECUTIVE SECRETARY,12820,404
661,1,ASS COMMISSIONER DESIGN AND CO,95777,404
662,1,DIRECTOR OF  EXERCISES AND TRA,95673,404
663,1,COUNSEL (DEPARTMENT OF HEALTH),95444,404
664,1,COMMISSIONER OF ENVIRONMENTAL,94358,404
665,1,FURNITURE MAINTAINER,92705,404
666,1,PODIATRIST (PART TIME),53011,404
667,1,DIRECTOR OF PHOTOGRAPHIC SERVI,82802,404
668,1,Deputy Commissioner (CEC),06825,404
669,1,ASSISTANT TO DEPUTY COMPTROLLE,13211,404
670,1,PLAYGROUND ASSOCIATE,06664,404
671,1,DIRECTOR OF EQUIPMENT (BOARD O,94208,404
672,1,DEPUTY CHIEF(FIRE),70382,404
673,1,INTERPRETER/TRANSLATOR,31048,404
674,1,ASSISTANT COMMISSIONER (SUBSTA,95443,404
675,1,HUMAN RESOURCES TECHNICIAN,56006,404
676,1,HOUSING CONSULTANT,22102,404
677,1,SECRETARY TO THE FIRST DEPUTY,12962,404
678,1,CHIEF MARINE ENGINEER (DC),91524,404
679,1,URBAN ARCHEOLOGIST,92248,404
680,1,EXECUTIVE ASSISTANT TO THE COM,95147,404
681,1,ASSOCIATE COMMISSIONER FOR DET,95058,404
682,1,GENERAL COUNSEL (DDC),95758,404
683,1,EXECUTIVE ADMINISTRATOR OF GRA,05395,404
684,1,DEPUTY ASST COMMISSIONER FOR P,95803,404
685,1,EXECUTIVE ASSISTANT,10103,404
686,1,ASSISTANT TO THE DEPUTY MAYOR,05278,404
687,1,ADMINISTRATIVE TRAFFIC ENFORCE,10042,404
688,1,DISTRICT SUPERVISOR,91325,404
689,1,SECRETARY TO THE DEPUTY COMMIS,95999,404
690,1,LIAISON OFFICER TO THE UNITED,51499,404
691,1,ASSOC WATER USE INSPECTOR-MGRL,3462A,404
692,1,COUNSEL TO THE BOARD OF ESTIMA,30162,404
693,1,CONFIDENTIAL INVESTIGATOR (OFF,31133,404
694,1,MONITOR,12702,404
695,1,RACKETS INVESTIGATOR,30830,404
696,1,CONSTRUCTION PROJECT MANAGER I,34201,200
697,1,EXECUTIVE ASSISTANT AND COUNSE,94499,404
698,1,DIRECTOR OF FINANCING POLICY C,40143,404
699,1,DEPUTY GENERAL COUNSEL (HRA),95680,404
700,1,CITY SEASONAL AIDE (DOS ONLY),9140A,404
701,1,SECRETARY TO THE FIRST DEPUTY,95035,404
702,1,SAFETY SPECIALIST,31310,404
703,1,CHIEF INFORMATION TECHNOLOGY O,13607,404
704,1,SECRETARY TO THE CHAIRMAN (TAX,12871,404
705,1,DEPUTY COMMISSIONER FOR ADMINI,95455,404
706,1,ASSOCIATE HOUSING DEVELOPMENT,22508,200
707,1,COMMISSIONER OF DEPT OF INFO T,94513,404
708,1,ASSOCIATE INSPECTOR (LOW PRESS,31676,404
709,1,ADMINISTRATIVE GRAPHIC ARTIST,10003,404
710,1,ADMINISTRATIVE BLASTING INSPEC,10054,404
711,1,TELECOMMUNICATION MANAGER,82984,404
712,1,ASSISTANT RETIREMENT BENEFITS,40491,404
713,1,DIRECTOR OF PLANNING (CDA),95693,404
714,1,LEGISLATIVE SUPPORT SERVICE CO,94417,404
715,1,SENIOR SCHOOL LUNCH AIDE (COOK,5451A,404
716,1,ADMINISTRATIVE MANAGER (BOARD,94372,404
717,1,SPECIAL ASSISTANT TO THE DEPUT,95725,404
718,1,DIRECTOR OF CRIME STRATEGIES,30227,404
719,1,DIRECTOR OF LITIGATION BUREAU,95318,404
720,1,AREA MANAGER OF SCHOOL MAINTEN,91697,404
721,1,DIRECTOR OF PROGRAM PLANNING (,80291,404
722,1,ADMINISTRATIVE ACCOUNTANT (NON,1000B,404
723,1,ASSISTANT ARCHITECT,21210,200
724,1,ASSISTANT TO THE DEPUTY MAYOR,13259,404
725,1,ASSISTANT COMMISSIONER (ADM SE,95321,404
726,1,LEGISLATIVE ADMINISTRATIVE CLE,94421,404
727,1,ASSISTANT DEPUTY ADMINISTRATOR,95679,404
728,1,GASOLINE ROLLER ENGINEER,91616,200
729,1,SECRETARY TO THE EXECUTIVE DIR,06463,404
730,1,SECRETARY TO THE SPECIAL COMMI,06612,404
731,1,EMERGENCY MEDICAL SERVICE CADE,53056,404
732,1,ASSOCIATE ARTS PROGRAMS SPECIA,60496,404
733,1,AGENCY CHIEF CONTRACTING OFFIC,82950,404
734,1,SECRETARY TO THE DIRECTOR OF F,12834,404
735,1,HEALTH SERVICES MANAGER,10069,200
736,1,EXECUTIVE PROGRAM SPECIALIST (,13379,404
737,1,SUPERINTENDENT OF WATER AND SE,10081,404
738,1,ADMINISTRATIVE ASSISTANT TO TH,13201,404
739,1,ENVIRONMENTAL HEALTH TECHNICIA,51380,404
740,1,CONFIDENTIAL STRATEGY PLANNER,54747,404
741,1,ASSOC ADM FOR PURCHASING MATER,95668,404
742,1,FAMILY AUXILIARY,82206,404
743,1,SUPERVISING PUBLIC HEALTH ADVI,51193,200
744,1,EXEC ASST TO THE DEPUTY COMMIS,95607,404
745,1,SECY TO THE DIRECTOR OF COLLEC,12833,404
746,1,DEPUTY COMMISSIONER (YOUTH SER,12939,404
747,1,SECRETARY TO THE EXECUTIVE DIR,12797,404
748,1,ASSISTANT DISTRICT MANAGER (CO,56087,404
749,1,SUPERVISOR ROOFER,90775,404
750,1,ADMINISTRATIVE  PROGRAM OFFICE,10084,404
751,1,CHIEF OF STAFF (DOT),95021,404
752,1,DIRECTOR OF FIELD OPERATIONS (,95600,404
753,1,SPECIAL ADVISOR TO THE MAYOR,95409,404
754,1,CHIEF CONSULTANT (RADIATION CO,22075,404
755,1,CHIEF CITY MEDICAL EXAMINER,95450,404
756,1,DIRECTOR OF HUD ACQUIRED PROPE,80295,404
757,1,ADMINISTRATIVE STAFF ANALYST (,1002D,404
758,1,ADMINISTRATIVE SANITATION ENFO,82982,404
759,1,SUPERVISOR GLAZIER,90778,404
760,1,ASSISTANT DIRECTOR OF TECHNICA,20221,404
761,1,EXECUTIVE PROGRAM SPECIALIST (,13398,404
762,1,ASSISTANT SECRETARY TO THE COM,95291,404
763,1,MARINER,91501,404
764,1,ASST PROJECT PLANNER (OFFICE O,06022,404
765,1,INTELLIGENCE RESEARCH SPECIALI,3117B,404
766,1,ASSISTANT COMMISSIONER (TRAFFI,95917,404
767,1,SECRETARY TO THE PRESIDENT,12882,404
768,1,ASSOCIATE EXECUTIVE DIRECTOR (,06780,404
769,1,CAPTAIN DETAILED CHIEF OF RISK,7026I,404
770,1,MANAGER OF PARK LICENSE AGREEM,95829,404
771,1,FINGERPRINT TECHNICIAN TRAINEE,71105,200
772,1,DIRECTOR OF LEGISLATIVE OVERSI,94377,404
773,1,POLICE OFFICER (RECURRING NIGH,70210,404
774,1,CONFIDENTIAL STRATEGY PLANNER,54746,404
775,1,HOUSEPARENT,52437,404
776,1,CHIEF OF STAFF (PD),95030,404
777,1,DIRECTOR OF COMMUNITY RELATION,5149B,404
778,1,SECRETARY TO THE COMPTROLLER,12899,404
779,1,"POLICE OFFICER, DET. SPECIALIS",7021D,404
780,1,LEGISLATIVE INTERDIVISIONAL LI,94448,404
781,1,DIRECTOR OF EQUAL OPPORTUNITY,80289,404
782,1,Cooperative EducationTrainee E,20104,404
783,1,DEPUTY COMMISSIONER FOR DEP PO,95203,404
784,1,ADMINISTRATIVE INSPECTOR (HOUS,10078,404
785,1,*PROCUREMENT ANALYST LEVEL III,1215A,404
786,1,LEGISLATIVE PLANNING COORDINAT,94418,404
787,1,SCHOOL LUNCH HELPER,54501,404
788,1,CORRECTIONAL COUNSELOR,51273,404
789,1,CONFIDENTIAL STRATEGY PLANNER,54745,404
790,1,COOPERATIVE EDUCATION TRAINEE,10119,404
791,1,PRINCIPAL PLANNING CONSULTANT,22138,404
792,1,EXECUTIVE ASSISTANT TO COMMUNI,13251,404
793,1,DEPUTY DIRECTOR OF HEADSTART P,95665,404
794,1,SUPERVISOR SHEET METAL WORKER,92343,404
795,1,SECRETARY TO THE CORPORATION C,12879,404
796,1,MARINE ELECTRONICS TECHNICIAN,91574,404
797,1,DEPUTY DIRECTOR OF PROBATION,51875,404
798,1,DIRECTOR OF BUILDING MANAGEMEN,05357,404
799,1,DIRECTOR OF INTERGOVERNMENTAL,05026,404
800,1,MARINE ENGINEER,91542,404
801,1,CHIEF OF STAFF (CDA),95692,404
802,1,DIRECTOR OF RESEARCH & POLICY,60932,404
803,1,ASSOCIATE LABOR RELATIONS ANAL,13369,404
804,1,ASSISTANT COMMISSIONER (EQUAL,12932,404
805,1,ASSISTANT COMMISIONER (M&C HEA,95449,404
806,1,CHAUFFEUR (BUILDINGS),91242,404
807,1,CRIMINALIST DIRECTOR OF LABORA,2184A,404
808,1,FIRE MARSHAL (UNIFORMED),70392,200
809,1,DIRECTOR OF PURCHASE (DCAS),95637,404
810,1,DEPUTY ADMINSTRATOR/COMSNR-DOS,95230,404
811,1,COMPUTER SYSTEM MANAGER (BOARD,94225,404
812,1,DEPUTY CHIEF OF OPERATIONS (PA,95841,404
813,1,DIRECTOR OF ELDER ABUSE PROG,30224,404
814,1,ASSISTANT DIRECTOR OF TOXICOLO,95498,404
815,1,CUSTODIAN (MANAGERIAL ASSIGNME,8060A,404
816,1,ASST SUPERINTENDT WELF SHELT (,52275,200
817,1,ASSISTANT ADMINISTRATOR OF PUB,95678,404
818,1,LEGISLATIVE ANALYST,12611,404
819,1,SUPERVISOR OF IRONWORK,92376,404
820,1,PORT MARINE ENGINEER (DEP),91577,404
821,1,SENIOR MANAGEMENT CONSULTANT (,12645,404
822,1,"COORDINATOR, TENANT PATROL (HA",70001,404
823,1,ADMINISTRATIVE TAX AUDITOR (NO,1004C,404
824,1,DIRECTOR OF CONSUMER INFORMATI,60873,404
825,1,ASSISTANT TO THE PRESIDENT (PM,1321A,404
826,1,AUDITOR GENERAL (OFFICE OF THE,40842,404
827,1,CALL CENTER REPRESENTATIVE,10260,200
828,1,ASST COMMISSIONER (PROFESSIONA,95442,404
829,1,SUPERVISOR III SOCIAL WORK,52633,404
830,1,IT AUTOMATION AND MONITORING E,95712,404
831,1,ESTIMATOR (ELECTRICAL),20121,404
832,1,DIRECTOR OF INDEPENDENT BUDGET,94519,404
833,1,HOUSING ASSISTANT (BILINGUAL),80202,404
834,1,COMMISSIONER OF MENTAL HEALTH,94359,404
835,1,CITY CUSTODIAL ASSISTANT,90644,404
836,1,"DIR OF ADMINISTRATION, WORKER'",05492,404
837,1,ASSOC SUPVR OF SCHL SEC (MGRL),6082A,404
838,1,CONFIDENTIAL STRATEGY PLANNER,54740,404
839,1,DOCKBUILDER,92010,404
840,1,CHIEF OF THE HOUSING BUREAU,7026R,404
841,1,EXECUTIVE ASST TO THE COMMISSI,95215,404
842,1,"EXECUTIVE DIRECTOR, SPECIAL PR",94582,404
843,1,SUPERVISING BLASTING INSPECTOR,31840,404
844,1,SANITATION COMPLIANCE AGENT,71685,404
845,1,SUPERVISOR I SOCIAL WORK,52631,200
846,1,SECRETARY OF COMMISSIONER (CDC,06449,404
847,1,SUPERVISING PUBLIC HEALTH ADVI,51196,404
848,1,MEMBER OF THE ENVIRONMENTAL CO,94350,404
849,1,ASSISTANT COMMISSIONER (DCAS),95633,404
850,1,ADMINISTRATIVE HORTICULTURIST,1007C,404
851,1,EXECUTIVE PROGRAM SPECIALIST (,13378,404
852,1,ENGINEERING WORK STUDY TRAINEE,20100,404
853,1,LEGISLATIVE INVESTIGATOR (CITY,94378,404
854,1,PROJECT COORDINATOR(CRIMINAL J,51792,404
855,1,ASSISTANT COMMISSIONER (SPECIA,95562,404
856,1,SECRETARY TO THE COMMISSIONER,12913,404
857,1,CASEWORKER TRAINEE,52301,404
858,1,PUBLIC ADMINISTRATOR,94354,404
859,1,ADMINISTRATIVE QUALITY ASSURAN,1008B,404
860,1,CHIEF ACCOUNTABILITY OFFICER (,95069,404
861,1,EXECUTIVE DIRECTOR OF SPECIAL,95144,404
862,1,INSTITUTIONAL GARMENT WORKER,90112,404
863,1,DIRECTOR OF MOTOR EQUIPMENT MA,9525B,404
864,1,HEATING PLANT TECHNICIAN (HA),91619,200
865,1,SUPERVISOR III (SOCIAL SERVICE,52313,404
866,1,ASSISTANT COMMISSIONER (ALTERN,95549,404
867,1,CHIEF OF STAFF (DCAS),95628,404
868,1,SPECIAL ASSISTANT TO THE FIRST,95630,404
869,1,BUDGET ANALYST (OMB)-MANAGERIA,0608A,404
870,1,MEDICAL DIRECTOR (SANITATION),95240,404
871,1,OFFICE ASSISTANT (PUBLIC ADVOC,94507,404
872,1,ASSISTANT TRANSIT MANAGEMENT A,13117,404
873,1,SPECIAL ASSISTANT TO THE CHANC,13304,404
874,1,STRATEGIC INITIATIVE SPECIALIS,13386,404
875,1,ASSISTANT COMMISSIONER (COMMUN,95552,404
876,1,DIRECTOR OF SOCIAL & COMMUNITY,60585,404
877,1,PRIVATE SECRETARY,10202,404
878,1,DIRECTOR OF NURSING SERVICES,95435,404
879,1,"DIRECTOR, NYC MAYOR'S OFFICE F",60844,404
880,1,LEGAL COORDINATOR,30081,200
881,1,SR ADDICTION SPEC METHADONE,56072,404
882,1,ADMIN INSPECTOR (ELECTRICAL)NM,1007B,404
883,1,CONFIDENTIAL ASSISTANT TO THE,13229,404
884,1,"CHAIR, PROCUREMENT POLICY BOAR",94490,404
885,1,GLAZIER,90716,200
886,1,ASSISTANT SUPERVISING CHIEF SU,5305D,404
887,1,EXECUTIVE PROGRAM SPECIALIST (,13393,404
888,1,SPECIAL ASSISTANT TO THE COMMI,95567,404
889,1,DEPUTY COMMISSIONER (CDA),95578,404
890,1,LEGISLATIVE FINANCE SECRETARY,94431,404
891,1,ADMINISTRATIVE LAW JUDGE,30181,404
892,1,EXEC ASST TO THE DEPUTY COM FO,95625,404
893,1,LOCKSMITH,90723,200
894,1,SUPERVISOR OF CHILD CARE,52315,404
895,1,ASSISTANT EXECUTIVE DIRECTOR (,10185,404
896,1,ASSISTANT LEGISLATIVE INFORMAT,94063,404
897,1,ADMINISTRATIVE MANAGEMENT AUDI,1001C,404
898,1,SERVICE INSPECTOR (BOARD OF ED,33761,404
899,1,SECRETARY OF THE DEPARTMENT (D,95641,404
900,1,LEGISLATIVE TECHNICAL SECRETAR,94445,404
901,1,ADM INSPECTOR (BUILDINGS) NM,1007A,404
902,1,COMPUTER PROG ANALYST TRAINEE,13650,200
903,1,ADMINISTRATIVE PUBLIC HEALTH S,82989,404
904,1,DISTRICTING COMMISSION ADMINIS,94479,404
905,1,AUTO MECHANIC (DIESEL),92511,200
906,1,HEALTH AIDE,51102,404
907,1,COMMISSIONER (TAX APPEALS TRIB,94492,404
908,1,STUDENT AIDE,10101,404
909,1,INSURANCE ADVISOR,40235,404
910,1,ADM ENGINEER (NON MGRL),1001A,404
911,1,DEPUTY ASSISTANT CHIEF OF DEPA,7038A,404
912,1,COUNCIL MEMBER AIDE,94074,404
913,1,STAFF ASSISTANT (OFFICE OF THE,06393,404
914,1,PRINCIPAL PLANNING CONSULTANT,22137,404
915,1,DIRECTOR FOR EQUAL EMPLOYMENT,95047,404
916,1,DIRECTOR OF NOISE ABATEMENT,95272,404
917,1,FIREFIGHTER,70310,404
918,1,DEPUTY COMMISSIONER (HEALTH),95423,404
919,1,ASSISTANT DIRECTOR OF INTERGRO,55075,404
920,1,DEPUTY COMMISSIONER (DOE),95580,404
921,1,EDUCATION ANALYST (UNION),1262C,404
922,1,ASSISTANT COMMISSIONER (RELOCA,95559,404
923,1,DIRECTOR OF INTERNAL AFFAIRS -,95033,404
924,1,ASSISTANT COMMISSIONER (DEP),95277,404
925,1,ASSISTANT DIRECTOR OF TOXICOLO,95499,404
926,1,DIRECTOR OF INFORMATION AND RE,60900,404
927,1,BIO-MEDICAL EQUIPMENT TECHNICI,21562,404
928,1,LIEUTENANT D/A COMMANDER OF DE,7026B,404
929,1,LIEUTENANT D/A DIR LEGAL BUREA,7026C,404
930,1,PSYCHOMETRICIAN,12751,404
931,1,ASSISTANT CIVIL ENGINEER,20210,200
932,1,DEPUTY EXECUTIVE DIRECTOR (BOA,94224,404
933,1,SPECIAL ASSISTANT (BOE),13288,404
934,1,SENIOR CITIZEN AIDE (PART TIME,52402,404
935,1,ASSISTANT COMMISSIONER (MANAGE,95326,404
936,1,COUNSEL (CITY PLANNING),30128,404
937,1,EXECUTIVE INSPECTOR (BUILDINGS,95511,404
938,1,DIRECTOR OF RACE EQUITY STRATE,95072,404
939,1,CONFIDENTIAL STRATEGY PLANNER,54737,404
940,1,LEGISLATIVE MESSENGER (CITY CO,94424,404
941,1,INTERPRETER (SPANISH),31013,200
942,1,STRATEGIC INITIATIVE SPECIALIS,13381,404
943,1,SPECIAL ASSISTANT (TAX COMMISS,13225,404
944,1,OFFICE MANAGER (PUBLIC ADVOCAT,94508,404
945,1,*SCHOOL LUNCH HELPER,5450A,404
946,1,SECRETARY (MANAGERIAL),1285A,404
947,1,CAPTAIN DETAILED AS CHIEF OF D,7026H,404
948,1,EXECUTIVE DIRECTOR OF SPECIAL,51872,404
949,1,CHIEF ADMINISTRATIVE LAW JUDGE,30189,404
950,1,DEPUTY DIRECTOR (AVIATION)-DOT,95979,404
951,1,ELECTION WORKER (PART-TIME)-BD,9POLL,404
952,1,DIRECTOR OF PSYCHIATRY,95485,404
953,1,CHIEF ACTUARY,40735,404
954,1,PARKING CONTROL SPECIALIST,41120,404
955,1,DIRECTOR OF CYBER CRIMES FOREN,30226,404
956,1,CHIEF OF STAFF (DDC),95046,404
957,1,SPECIAL ASSISTANT (PUBLIC ADVO,94512,404
958,1,ASSISTANT COMMISSIONER (DBS),95146,404
959,1,PRINCIPAL NUTRITION CONSULTANT,50416,404
960,1,DEPUTY CHIEF CITY MEDICAL EXAM,95451,404
961,1,EXECUTIVE ASSISTANT TO THE DIR,94401,404
962,1,HEALTH SERVICES MANAGER NON MA,1006D,404
963,1,CONFIDENTIAL AGENCY INVESTIGAT,31142,404
964,1,EXECUTIVE DIRECTOR (SCHOOL BUI,91401,404
965,1,FIRST DEPUTY COMMISSIONER (DOT,95013,404
966,1,REGISTERED NURSE (PER SESSION),51003,404
967,1,CONFIDENTIAL STRATEGY PLANNER,54748,404
968,1,DEPUTY COMMISSIONER (TRANSPORT,95903,404
969,1,ADMINISTRATIVE DIRECTOR OF LAB,10055,404
970,1,ASST DIRECTOR OF INTERGOVERMEN,06558,404
971,1,ASSISTANT HOUSING MANAGER (HA),80205,404
972,1,HIGHWAYS AND SEWERS INSPECTOR,31626,200
973,1,EXECUTIVE PROGRAM SPECIALIST (,13388,404
974,1,SUMMER GRADUATE INTERN,10232,404
975,1,CONFIDENTIAL STRATEGY PLANNER,54736,404
976,1,DIRECTOR OF COMMUNITY RELATION,51496,404
977,1,DIRECTOR OF PUBLIC HEALTH EMER,95662,404
978,1,CITY CLERK & CLERK OF COUNCIL,12988,404
979,1,ASSISTANT ENVIRONMENTAL ENGINE,20617,200
980,1,EXECUTIVE ASSISTANT TO THE CHA,13293,404
981,1,HELICOPTER PILOT (DEP),91244,404
982,1,ASSISTANT TO THE PUBLIC ADVOCA,94497,404
983,1,DEPUTY COMMISSIONER (ACD-DOSS),95804,404
984,1,SECRETARY TO THE CHIEF ACTUARY,06770,404
985,1,CHAIR (HA),94488,404
986,1,SENIOR CONSULTANT (PUBLIC HEAL,51638,200
987,1,EXECUTIVE DIRECTOR OF FLEET,9503B,404
988,1,DIRECTOR OF ADVOCACY (SSC-DOSS,95810,404
989,1,CONFIDENTIAL OPERATIONS SPECIA,31151,404
990,1,DIRECTOR (DIVISION OF MAINTENA,91399,404
991,1,DIRECTOR (PLANT OPERATIONS SER,05103,404
992,1,DEPUTY COMMISSIONER (DEP),95275,404
993,1,SUPERVISOR BRICKLAYER,92271,404
994,1,SECRETARY TO THE DEPUTY COMMIS,95642,404
995,1,ASPHALT PLANT MANAGER (DOT),91578,404
996,1,SUPERVISOR STEAMFITTER,91971,404
997,1,BAKER,90211,404
998,1,ADMINISTRATIVE REAL PROPERTY M,1004D,404
999,1,SENIOR SCHOOL LUNCH HELPER,5450B,404
